t_eval,Equation_1,Equation_2,Equation_3
0.0,3.166592653589793,3.166592653589793,3.166592653589793
0.002002002002002002,3.1665569284031796,3.166556917204917,3.166556928403763
0.004004004004004004,3.1664497534062743,3.1664497086774217,3.1664497534086014
0.006006006006006006,3.1662711302888478,3.1662710298886725,3.1662711302940587
0.008008008008008008,3.1660210629650947,3.1660208839582227,3.1660210629742984
0.01001001001001001,3.165699556403956,3.1656992752694464,3.165699556418195
0.012012012012012012,3.165306614762362,3.1653062094908875,3.165306614782597
0.014014014014014014,3.1648422434755834,3.164841693538861,3.1648422435026924
0.016016016016016016,3.1643064492759616,3.164305735577153,3.1643064493107467
0.018018018018018018,3.1636992401929094,3.1636983450170213,3.1636992402360993
0.02002002002002002,3.163020625552912,3.1630195325171946,3.163020625605165
0.022022022022022022,3.1622706159795255,3.162269309983873,3.162270616041433
0.024024024024024024,3.1614492233933777,3.1614476905707276,3.1614492234654685
0.026026026026026026,3.160556461012168,3.160554688678901,3.1605564610949117
0.028028028028028028,3.1595923433506674,3.159590319957007,3.159592343444477
0.03003003003003003,3.1585568862207194,3.1585546013011303,3.158556886325954
0.03203203203203203,3.157450106731237,3.1574475508548274,3.1574501068482084
0.03403403403403403,3.1562720232882064,3.1562691880091265,3.15627202341718
0.036036036036036036,3.1550226555946854,3.155019533402526,3.1550226557358845
0.03803803803803804,3.1537020246508023,3.1536986089209953,3.153702024804411
0.04004004004004004,3.152310152753758,3.152306437697977,3.1523101529199256
0.04204204204204204,3.1508470634978245,3.1508430441143824,3.150847063676668
0.044044044044044044,3.149312781774346,3.1493084537985965,3.149312781965954
0.04604604604604605,3.1477073337717365,3.147702693626474,3.147707333976174
0.04804804804804805,3.1460307469754842,3.146025791721341,3.146030747192793
0.050050050050050046,3.1442830501681467,3.1442777774539947,3.1442830503983523
0.05205205205205205,3.142464273429354,3.142458681442705,3.142464273672467
0.05405405405405406,3.140574448135808,3.1405685355532116,3.140574448391827
0.056056056056056056,3.138613606961282,3.138607372898726,3.1386136072301998
0.058058058058058054,3.13658178387662,3.1365752278399306,3.1365817841584245
0.06006006006006006,3.1344790141497394,3.1344721359849794,3.134479014444418
0.062062062062062065,3.1323053343456273,3.1322981341894978,3.13230533465317
0.06406406406406406,3.1300604744867253,3.1300532283458757,3.1300605826715038
0.06606606606606606,3.127743997947323,3.127737415252134,3.1277444803881576
0.06806806806806806,3.125355949624275,3.1253507449638622,3.1253570579260535
0.07007007007007007,3.1228963831183707,3.1228932689567444,3.1228983524354184
0.07207207207207207,3.1203653550155517,3.1203650396134446,3.120368404413172
0.07407407407407407,3.1177629248869136,3.117766110223611,3.117767257702926
0.07607607607607608,3.1150891552887017,3.1150965349838744,3.1150949594949844
0.07807807807807808,3.1123441117623156,3.112356368997848,3.1123515603263443
0.08008008008008008,3.1095278628343066,3.109545668276128,3.1095371140806947
0.08208208208208208,3.106640480016377,3.1066644897362927,3.1066516779884177
0.08408408408408408,3.1036820378053833,3.1037128912029037,3.1036953126265874
0.08608608608608609,3.100652613683333,3.1006909314075046,3.100668081918971
0.08808808808808809,3.0975522881173854,3.097598669988623,3.0975700531360277
0.09009009009009009,3.0943811445598532,3.094436167491768,3.0944012968949095
0.0920920920920921,3.091139269448201,3.0912034853694315,3.09116188715946
0.0940940940940941,3.087826752205046,3.0879006859810887,3.0878519012402172
0.0960960960960961,3.084443685238156,3.084527832593197,3.08447141979441
0.0980980980980981,3.080990163940452,3.0810849893791965,3.0810205268259607
0.10010010010010009,3.077466286690009,3.0775722214195107,3.077499309685483
0.1021021021021021,3.0738721548500507,3.073989594701545,3.0739078590702844
0.1041041041041041,3.070207872768956,3.0703371761196876,3.070246269024364
0.1061061061061061,3.066473547780255,3.0666150334753097,3.0665146369384146
0.10810810810810811,3.0626692902026296,3.062823235476765,3.0627130635498196
0.11011011011011011,3.0587952133399146,3.05896185173939,3.0588416529426565
0.11211211211211211,3.054851433481096,3.055030952785504,3.054900512547695
0.11411411411411411,3.0508380699003137,3.051030610044409,3.0508897531423966
0.11611611611611611,3.046755244856859,3.046960895852389,3.0468094888509163
0.11811811811811812,3.042603083595174,3.0428218834527114,3.042659837144101
0.12012012012012012,3.038381714344856,3.038613646995626,3.0384409188394903
0.12212212212212212,3.0340912683206516,3.034336261538366,3.0341528581013164
0.12412412412412413,3.0297318797224615,3.029989803045147,3.0297957824405035
0.12612612612612611,3.0253036857353384,3.025574348387166,3.025369822714669
0.12812812812812813,3.020806826529486,3.0210899753426044,3.020875113128122
0.13013013013013014,3.016241445260262,3.016536762596625,3.0163117912318653
0.13213213213213212,3.011607688068175,3.011914789741375,3.0116799979235935
0.13413413413413414,3.0069057040788865,3.0072241372759825,3.006979877447693
0.13613613613613612,3.0021356454032095,3.002464886606559,3.0022115773952445
0.13813813813813813,2.9972976671371105,2.997637120046199,2.997375248704019
0.14014014014014015,2.992391927361707,2.9927409208149793,2.9924710456584824
0.14214214214214213,2.987418587143269,2.98777637303996,2.9874991258897907
0.14414414414414414,2.9823778105332193,2.982743561755183,2.9824596503757945
0.14614614614614616,2.9772697645681325,2.977642572901673,2.977352783441036
0.14814814814814814,2.9720946192697357,2.9724734933274384,2.9721786927567493
0.15015015015015015,2.9668525476449075,2.967236410787469,2.966937549340862
0.15215215215215216,2.9615437256856794,2.9619314139437383,2.9616295275579936
0.15415415415415415,2.956168332369235,2.956558592365202,2.956254805119457
0.15615615615615616,2.9507265496579107,2.951118036527799,2.9508135630832557
0.15815815815815815,2.945218562499194,2.94560983781445,2.945305985854089
0.16016016016016016,2.9396445588257247,2.940034088515059,2.9397322611833445
0.16216216216216217,2.934004729555296,2.9343908818265128,2.9340925801691062
0.16416416416416416,2.928299268590853,2.928680311852681,2.928387137256148
0.16616616616616617,2.9225283728204916,2.922902473604415,2.9226161302359377
0.16816816816816815,2.9166922421174615,2.9170574629995496,2.9167797602466345
0.17017017017017017,2.9107910793401643,2.9111453768629025,2.9108782317730917
0.17217217217217218,2.9048250903321535,2.9051663129262737,2.9049117526468535
0.17417417417417416,2.898794483922135,2.8991203698284456,2.898880534046157
0.17617617617617617,2.8926994719239665,2.8930076471151844,2.8927847904959334
0.1781781781781782,2.8865402691366593,2.886828245239238,2.8866247398678038
0.18018018018018017,2.880317093344375,2.8805822655603373,2.8804006033800835
0.18218218218218218,2.874030165316429,2.874269810345196,2.87411260559778
0.1841841841841842,2.867679708807288,2.86789098276751,2.8677609744325934
0.18618618618618618,2.8612659505565716,2.861445886907959,2.861345941142916
0.1881881881881882,2.854789120289051,2.854934627754204,2.8548677403338325
0.19019019019019018,2.84824945071465,2.848357311200889,2.848326609957121
0.1921921921921922,2.8416471775284444,2.8417140440496427,2.841722791311251
0.1941941941941942,2.834982539410663,2.8350049340090737,2.835056529041385
0.1961961961961962,2.8282557780266853,2.8282300896947747,2.828328071139379
0.1981981981981982,2.8214671380270446,2.8213896206293207,2.8215376689437783
0.20020020020020018,2.814616867047426,2.8144836372422697,2.814685577139825
0.2022022022022022,2.8077052157086655,2.807512250870163,2.807772053759451
0.2042042042042042,2.8007324376167535,2.8004755737565223,2.8007973601812814
0.2062062062062062,2.793698789362831,2.7933737190518553,2.793761761130634
0.2082082082082082,2.7866045305231926,2.7862068008136496,2.786665524679518
0.21021021021021022,2.7794499236592833,2.778974934006377,2.7795089222466367
0.2122122122122122,2.7722352343177024,2.7716782345014916,2.772292228597385
0.21421421421421422,2.7649607310301993,2.76431681907743,2.765015721843851
0.21621621621621623,2.757626685313677,2.7568908054196113,2.757679683444814
0.2182182182182182,2.7502333716701908,2.7494003121204384,2.7502843982057477
0.22022022022022023,2.742781067586948,2.741845458679296,2.7428301542788165
0.2222222222222222,2.7352700535363077,2.7342263655025514,2.735317243162878
0.22422422422422422,2.7277006129757817,2.7265431539035547,2.7277459597034825
0.22622622622622623,2.7200730323480333,2.7187959461026394,2.7201166020928733
0.22822822822822822,2.7123876010808794,2.7109848652271205,2.712429471869985
0.23023023023023023,2.704644611587288,2.703110035311297,2.704684873920445
0.23223223223223222,2.6968443592653797,2.69517158129645,2.6968831164765743
0.23423423423423423,2.688987142498427,2.6871696290308424,2.6890245111173856
0.23623623623623624,2.6810732626548552,2.6791043052697217,2.6811093727685833
0.23823823823823823,2.673103024088242,2.6709757376753163,2.673138019702566
0.24024024024024024,2.665076734137316,2.6627840548168384,2.665110773538424
0.24224224224224225,2.6569947031259593,2.6545293861704824,2.6570279592419395
0.24424424424424424,2.648857244363206,2.6462118621194257,2.6488899051255883
0.24624624624624625,2.640664674143242,2.637831613953828,2.6406969428485376
0.24824824824824826,2.6324173117454057,2.629388773870832,2.6324494074166482
0.2502502502502503,2.624115479434188,2.6208834749745633,2.6241476371824732
0.25225225225225223,2.615759502459232,2.61231585127613,2.615791973845258
0.25425425425425424,2.6073497090553324,2.6036860376936226,2.6073827624509396
0.25625625625625625,2.5988864304424366,2.5949941700521144,2.598920351392149
0.25825825825825827,2.5903700008256436,2.5862403850836615,2.5904050924082087
0.2602602602602603,2.581800757395206,2.577424820427303,2.581837340585135
0.26226226226226224,2.5731790403265276,2.568547614629061,2.5732174543556345
0.26426426426426425,2.5645051927801648,2.5596089071419383,2.5645457954991087
0.26626626626626626,2.5557795609018257,2.550608838325923,2.55582272914165
0.2682682682682683,2.5470024938223705,2.5415475494479844,2.5470486237560443
0.2702702702702703,2.5381743436578135,2.5324251826820747,2.538223851161769
0.27227227227227224,2.529295465509319,2.5232418811091293,2.529348786524995
0.27427427427427425,2.5203662174632044,2.513997788717065,2.5204238083585846
0.27627627627627627,2.5113869605909396,2.504693050400783,2.511449298522094
0.2782782782782783,2.502358058949146,2.4953278119621665,2.502425642221771
0.2802802802802803,2.4932798795795987,2.4859022201100807,2.493353228010556
0.2822822822822823,2.4841527925092226,2.4764164224603746,2.4842324477880826
0.28428428428428426,2.4749771707500976,2.4668705675358797,2.475063696800676
0.2862862862862863,2.465753390299454,2.4572648047664094,2.465847373641354
0.2882882882882883,2.4564818301396745,2.44759928448876,2.456583880249827
0.2902902902902903,2.447162872238294,2.437874157946712,2.447273621912499
0.2922922922922923,2.437796901548001,2.428089577291026,2.4379170072624645
0.29429429429429427,2.4283843060066346,2.418245695579448,2.428514448279512
0.2962962962962963,2.418925476537187,2.408342666776704,2.4190663602901226
0.2982982982982983,2.409420807047802,2.3983806457545054,2.4095731619674687
0.3003003003003003,2.399870694431776,2.3883597882915444,2.4000352753314163
0.3023023023023023,2.3902755385675576,2.378280251073496,2.390453125748524
0.30430430430430433,2.380635742318748,2.3681421916930194,2.3808271419320413
0.3063063063063063,2.370951711534101,2.3579457686497554,2.371157755941913
0.3083083083083083,2.3612238550475206,2.3476911413503267,2.361445403184773
0.3103103103103103,2.3514525846780643,2.33737847010834,2.351690522413951
0.3123123123123123,2.3416383152299423,2.3270079161443853,2.3418935557294662
0.31431431431431434,2.331781464492517,2.3165796415860322,2.3320549485780337
0.3163163163163163,2.321882453240303,2.3060938094678374,2.3221751497530576
0.3183183183183183,2.3119417052329654,2.295550583731337,2.312254611394637
0.3203203203203203,2.301959647215323,2.2849501292250496,2.3022937889895627
0.32232232232232233,2.291936708917348,2.27429261170448,2.2922931413713172
0.32432432432432434,2.2818733230541626,2.263578197832111,2.2822531307200773
0.3263263263263263,2.271769925326043,2.2528070551774126,2.272174222562711
0.3283283283283283,2.2616269544184155,2.241979352216834,2.262056885772778
0.3303303303303303,2.2514448520018604,2.2310952583338084,2.2519015925705332
0.33233233233233234,2.241224062732111,2.220154943818753,2.2417088185229215
0.33433433433433435,2.23096503425005,2.209158579869065,2.2314790425435813
0.3363363363363363,2.2206682171817156,2.1981063385891275,2.2212127468928444
0.3383383383383383,2.2103340651382943,2.1869983929903034,2.2109104171777325
0.34034034034034033,2.199963034716129,2.175834916990939,2.200572542351963
0.34234234234234234,2.1895555854967124,2.1646160854163647,2.1901996147159437
0.34434434434434436,2.1791121800466895,2.1533420739988918,2.179792129916775
0.34634634634634637,2.1686332839178584,2.142013059377817,2.169350586948251
0.3483483483483483,2.158119365647169,2.130629219099416,2.158875488150858
0.35035035035035034,2.1475708967567235,2.119190731616949,2.1483673392117737
0.35235235235235235,2.136988351753776,2.1076977762906606,2.137826649164869
0.35435435435435436,2.1263722081307335,2.0961505333877746,2.127253930390708
0.3563563563563564,2.1157229463651546,2.084549184082501,2.1166496986165457
0.35835835835835833,2.105041049919751,2.0728939104560298,2.1060144729163315
0.36036036036036034,2.094327005242385,2.0611848954965346,2.0953487757107063
0.36236236236236236,2.083581301766072,2.049422323099173,2.084653132767003
0.36436436436436437,2.0728044319089802,2.0376063780660827,2.073928073199248
0.3663663663663664,2.06199689107443,2.025737246106387,2.06317412946816
0.3683683683683684,2.0511591776508933,2.0138151138361886,2.05239183738115
0.37037037037037035,2.040291793011995,2.0018401687785774,2.041581736092321
0.37237237237237236,2.029395241516511,1.9898125993636213,2.0307443681024697
0.3743743743743744,2.0184700305083707,1.9777325949283726,2.0198802792590853
0.3763763763763764,2.007516670316655,1.9656003457168685,2.008990018756347
0.3783783783783784,1.996535674255597,1.9534160428801253,1.9980741391351302
0.38038038038038036,1.9855275586245833,1.9411798784761451,1.9871331962830003
0.38238238238238237,1.9744929580408905,1.9288920454699108,1.97616751996109
0.3843843843843844,1.9634326165744933,1.916552737733387,1.9651772075940834
0.3863863863863864,1.9523469798229425,1.9041621500455255,1.9541629202675221
0.3883883883883884,1.9412364758145537,1.8917204780922552,1.9431253303805893
0.39039039039039036,1.93010152638481,1.879227918466492,1.9320650990160133
0.3923923923923924,1.9189425471763613,1.8666846686681327,1.9209828759400653
0.3943943943943944,1.9077599476390246,1.8540909271040558,1.909879299602562
0.3963963963963964,1.8965541310297842,1.8414468930881245,1.8987549971368638
0.3983983983983984,1.8853254944127922,1.828752766841183,1.8876105843598756
0.40040040040040037,1.8740744286593671,1.8160087494910606,1.876446665772047
0.4024024024024024,1.8628013184479943,1.8032150430725666,1.865263834557371
0.4044044044044044,1.8515065422643269,1.7903718505274935,1.8540626725833855
0.4064064064064064,1.8401904724011853,1.7774793757046188,1.8428437504011728
0.4084084084084084,1.8288534749585563,1.7645378233596989,1.8316076272453587
0.41041041041041043,1.8174959098435948,1.7515473991554773,1.8203548510341148
0.4124124124124124,1.8061181307706224,1.7385083096616765,1.8090859583691556
0.4144144144144144,1.7947204852611274,1.7254207623550026,1.7978014745357402
0.4164164164164164,1.7833033146437658,1.7122849656191468,1.7865019135026723
0.4184184184184184,1.7718669540543608,1.6991011287447793,1.7751877779223
0.42042042042042044,1.7604117324359025,1.685869461929556,1.7638595591305153
0.4224224224224224,1.7489379725385485,1.6725901762781141,1.7525177371467553
0.4244244244244244,1.737445990919623,1.6592634838020723,1.7411627806739998
0.4264264264264264,1.7259360979436176,1.6458895974200354,1.7297951470987745
0.42842842842842843,1.714408597782191,1.6324687309575874,1.7184152824911485
0.43043043043043044,1.7028637884141697,1.6190010991472976,1.7070236216047359
0.43243243243243246,1.6913019616255462,1.6054869176287163,1.6956205878766943
0.4344344344344344,1.6797234030094814,1.5919264029483773,1.6842065934277268
0.4364364364364364,1.668128391966302,1.5783197725597968,1.672782039062079
0.43843843843843844,1.6565172017035028,1.5646672448234729,1.661347314267542
0.44044044044044045,1.644890099235746,1.5509690390068895,1.6499027972154514
0.44244244244244246,1.6332473453848597,1.5372253752845082,1.6384488547606866
0.4444444444444444,1.6215891947798409,1.5234364631062876,1.6269858424416714
0.44644644644644643,1.6099158958568516,1.5096020320779027,1.6155141044803738
0.44844844844844844,1.5982276908592228,1.4957220442977532,1.6040339737823062
0.45045045045045046,1.586524815837452,1.4817967217300665,1.5925457719365252
0.45245245245245247,1.5748075006492037,1.4678262853613684,1.5810498092156324
0.4544544544544544,1.56307596895931,1.4538109552004845,1.5695463845757727
0.45645645645645644,1.551330438239769,1.4397509502785366,1.5580357856566354
0.45845845845845845,1.539571119769748,1.4256464886489468,1.5465182887814548
0.46046046046046046,1.5277982186355787,1.411497787387435,1.534994158957009
0.4624624624624625,1.5160119337307632,1.3973050625920203,1.5234636498736207
0.46446446446446443,1.504212457755968,1.3830685293830194,1.5119270039051569
0.46646646646646645,1.492399977219028,1.3687884019030472,1.500384452109028
0.46846846846846846,1.480574672434945,1.3544648933170185,1.4888362142261897
0.47047047047047047,1.468736717525888,1.3400982158121453,1.4772824986811424
0.4724724724724725,1.4568862804211935,1.325688580597939,1.465723502581929
0.4744744744744745,1.4450235228573645,1.3112361979062088,1.4541594117201386
0.47647647647647645,1.4331486003780718,1.2967412769910633,1.442590400570904
0.47847847847847846,1.4212616623341527,1.282204026128908,1.4310166322929017
0.4804804804804805,1.4093628518836119,1.2676246526184483,1.4194382587283525
0.4824824824824825,1.3974523059916213,1.2530033627806876,1.4078554204030227
0.4844844844844845,1.3855301554305206,1.2383403619589277,1.3962682465262217
0.48648648648648646,1.3735965247798156,1.2236358545187698,1.3846768549908042
0.48848848848848847,1.3616515324261793,1.2088900438481116,1.373081352373168
0.4904904904904905,1.349695290563453,1.1941031323571514,1.3614818339332557
0.4924924924924925,1.3377279051926434,1.1792753214783844,1.3498783836145551
0.4944944944944945,1.3257494761219264,1.1644068116666058,1.3382710740440968
0.4964964964964965,1.3137600969666434,1.1494978023989078,1.326659966532457
0.4984984984984985,1.3017598551493041,1.1345484921746825,1.3150451110737555
0.5005005005005005,1.2897488318995836,1.1195590785156182,1.3034265463456562
0.5025025025025025,1.2777271022543268,1.1045297579657054,1.2918042997093682
0.5045045045045045,1.2656947350575436,1.08946072609123,1.2801783872096442
0.5065065065065065,1.2536517929604116,1.0743521774807758,1.26854881357478
0.5085085085085085,1.2415983324212765,1.0592043057452294,1.2569155722166194
0.5105105105105106,1.229534403705649,1.0440173035177704,1.2452786452305458
0.5125125125125125,1.2174600508862095,1.028791362453882,1.2336380033954915
0.5145145145145145,1.205375311842804,1.0135266732313422,1.2219936061739296
0.5165165165165165,1.193280218262446,0.9982234255502282,1.2103454017118782
0.5185185185185185,1.1811747956393166,0.9828818081329179,1.1986933268389013
0.5205205205205206,1.1690590632747622,0.9675020087240842,1.1870373070681053
0.5225225225225225,1.1569330342772999,0.9520842140907024,1.1753772565961431
0.5245245245245245,1.1447967155626104,0.936628610022043,1.1637130783032097
0.5265265265265265,1.1326501078535434,0.9211353813296754,1.1520446637530442
0.5285285285285285,1.120493205680115,0.9056047118474703,1.140371893192933
0.5305305305305306,1.108325997379509,0.8900367844315931,1.1286946355537033
0.5325325325325325,1.0961484650960767,0.8744317809605111,1.1170127484497292
0.5345345345345345,1.0839605847813356,0.8587898823349877,1.105326078178928
0.5365365365365365,1.0717623261939697,0.8431112684780849,1.09363445972276
0.5385385385385385,1.0595536528998333,0.8273961183351651,1.0819377167462332
0.5405405405405406,1.0473345222719437,0.8116446098738868,1.0702356615978958
0.5425425425425425,1.0351048854904892,0.7958569200842096,1.0585280953098444
0.5445445445445445,1.0228646875428224,0.7800332249783893,1.0468148075977166
0.5465465465465466,1.0106138672234641,0.76417369959098,1.0350955768606953
0.5485485485485485,0.9983523571341029,0.7482785179788374,1.0233701701815088
0.5505505505505506,0.9860800836835928,0.7323478532211117,1.0116383433264282
0.5525525525525525,0.9737969670879578,0.7163818774192552,0.9998998407452704
0.5545545545545546,0.9615029213703852,0.7003807616970151,0.9881543955713947
0.5565565565565566,0.9491978543612338,0.6843446762004413,0.9764017296217069
0.5585585585585585,0.9368816676980263,0.6682737900978785,0.9646415533966555
0.5605605605605606,0.9245542568254526,0.6521682715799701,0.9528735660802332
0.5625625625625625,0.9122155109953725,0.6360282878596619,0.941097455539978
0.5645645645645646,0.8998653132668097,0.6198540051721928,0.9293128983269718
0.5665665665665666,0.8875035405059581,0.6036455887751049,0.9175195596758414
0.5685685685685685,0.8751300633861763,0.5874032029482359,0.9057170935047567
0.5705705705705706,0.8627447463879898,0.571127010993722,0.8939051424154314
0.5725725725725725,0.8503474477990947,0.5548171752360002,0.8820833376931267
0.5745745745745746,0.83793801971435,0.5384738570218028,0.8702512993066445
0.5765765765765766,0.8255163080357855,0.5220972167201643,0.8584086359083327
0.5785785785785785,0.8130821524725955,0.5056874137224145,0.8465549448340839
0.5805805805805806,0.8006353865411417,0.48924460644218226,0.8346898121033337
0.5825825825825826,0.7881758375649559,0.47276895231539684,0.8228128124190626
0.5845845845845846,0.775703326674732,0.45626060780028355,0.8109235091677955
0.5865865865865866,0.7632176688083363,0.4397197283773684,0.7990214544196028
0.5885885885885885,0.7507186727107988,0.4231464685494748,0.7871061889280968
0.5905905905905906,0.738206140934317,0.4065409818417227,0.775177242130435
0.5925925925925926,0.7256798698382578,0.3899034208015355,0.7632341321473208
0.5945945945945946,0.713139649589152,0.3732339369986293,0.7512763657829993
0.5965965965965966,0.7005852641607007,0.35653268102502356,0.7393034385252619
0.5985985985985985,0.6880164913337701,0.3397998024950335,0.7273148345454437
0.6006006006006006,0.6754331026963936,0.32303545004527234,0.7153100266984231
0.6026026026026026,0.6628348636437731,0.3062397713346554,0.7032884765226246
0.6046046046046046,0.6502215333782764,0.28941291304439143,0.6912496342400154
0.6066066066066066,0.6375928649094398,0.2725550208779919,0.6791929387561086
0.6086086086086087,0.6249486050539639,0.25566623956126433,0.6671178176599595
0.6106106106106106,0.6122884944357205,0.2387467128423164,0.6550236872241704
0.6126126126126126,0.599612267485746,0.22179658349155318,0.6429099524048856
0.6146146146146146,0.5869196524422426,0.2048159933016771,0.6307760068417938
0.6166166166166166,0.5742103713505837,0.18780508308769295,0.6186212328581298
0.6186186186186187,0.5614841400633066,0.17076399268689824,0.6064450014606704
0.6206206206206206,0.5487406682401175,0.15369286095889567,0.5942466723397395
0.6226226226226226,0.5359796593478887,0.13659182578558093,0.5820255938692029
0.6246246246246246,0.5232008106606587,0.11946102407115089,0.5697811031064708
0.6266266266266266,0.5104038132596358,0.10230059174210027,0.5575125257924993
0.6286286286286287,0.49758835203319385,0.08511066374722143,0.5452191763517873
0.6306306306306306,0.4847541056768747,0.06789137405760792,0.5329003578923797
0.6326326326326326,0.4719007466933858,0.05064285566664872,0.5205553622058638
0.6346346346346347,0.4590279413926026,0.03336524059003221,0.5081834697673715
0.6366366366366366,0.44613534989156856,0.016058659865746838,0.4957839497355807
0.6386386386386387,0.43322262611449247,-0.0012767564459232883,0.48335605995271136
0.6406406406406406,0.42028941779275253,-0.01864087926239244,0.47089904694452955
0.6426426426426426,0.40733536646489243,-0.03603358047877836,0.45841214592034496
0.6446446446446447,0.394360107476623,-0.05345473296790115,0.4458937780083788
0.6466466466466466,0.3813632699808236,-0.07090421058027951,0.43333520575415396
0.6486486486486487,0.368344476937539,-0.0883818881441365,0.4207337685336232
0.6506506506506506,0.3553033451139822,-0.10588764146539442,0.40808884767145825
0.6526526526526526,0.3422398031217348,-0.12342134732767862,0.395399782164873
0.6546546546546547,0.32915488304249296,-0.14098288349231658,0.3826658686836254
0.6566566566566566,0.3160483434725042,-0.15857212869833393,0.3698863615700203
0.6586586586586587,0.30291977710261264,-0.1761889626624631,0.35706047283890363
0.6606606606606606,0.28976878706519293,-0.19383326607913132,0.3441873721776687
0.6626626626626626,0.27659498693414536,-0.21150492062047377,0.331266186946251
0.6646646646646647,0.26339800072489766,-0.2292038089363242,0.31829600217713006
0.6666666666666666,0.25017746289440757,-0.24692981465421626,0.3052758605753323
0.6686686686686687,0.23693301834115765,-0.2646828223793898,0.2922047625184253
0.6706706706706707,0.22366432240516096,-0.2824627176947794,0.27908166605652396
0.6726726726726726,0.2103710408679559,-0.30026938716102847,0.26590548691228516
0.6746746746746747,0.19705284995260877,-0.3181027183164771,0.2526750984809103
0.6766766766766766,0.18370943632371572,-0.33596259967716846,0.23938933183014713
0.6786786786786787,0.17034049708739746,-0.35384892073684737,0.226046975700285
0.6806806806806807,0.1569457397913054,-0.3717615719669587,0.21264677650416017
0.6826826826826827,0.14352488242461584,-0.38970044481665167,0.19918743832715075
0.6846846846846847,0.13007765341803543,-0.4076654317127739,0.18566762292718159
0.6866866866866866,0.11660379164379639,-0.4256564260598765,0.17208594973471997
0.6886886886886887,0.1031030464156587,-0.44367332224021183,0.15844099585277732
0.6906906906906907,0.08957517748891214,-0.46171601561373277,0.14473129605691198
0.6926926926926927,0.07601995506037112,-0.4797844025180955,0.13095534279522308
0.6946946946946947,0.062437159768380934,-0.4978783802686546,0.11711158618835743
0.6966966966966966,0.04882658269281198,-0.5159978471584699,0.10319843402950385
0.6986986986986987,0.03518802535506266,-0.5341427024583016,0.0892142517843953
0.7007007007007007,0.021521299718061104,-0.5523128464166083,0.07515736259131156
0.7027027027027027,0.007826228186260109,-0.5705081802595553,0.061026047261073635
0.7047047047047047,-0.005897356394356845,-0.5887286061910044,0.04681854427704968
0.7067067067067067,-0.019649610736280687,-0.6069740273925224,0.03253304979515015
0.7087087087087087,-0.033430681110475036,-0.6252443480233782,0.01816771764382963
0.7107107107107107,-0.047240703346373036,-0.6435394732205364,0.0037206593240894925
0.7127127127127127,-0.06107980283188391,-0.6618593090986711,-0.0108100559905277
0.7147147147147147,-0.07494809451338541,-0.6802037627501514,-0.025426401453932157
0.7167167167167167,-0.08884568289573042,-0.6985727422450505,-0.040130392547491955
0.7187187187187187,-0.10277266204224406,-0.7169661566311458,-0.054924087080030826
0.7207207207207207,-0.11672911557472132,-0.7353839159339113,-0.06980958518782587
0.7227227227227228,-0.13071511667343277,-0.753825931156525,-0.08478902933461285
0.7247247247247247,-0.144730728077118,-0.7722921142798664,-0.09986460431158051
0.7267267267267267,-0.1587760020829917,-0.790782378262515,-0.11503853723737523
0.7287287287287287,-0.17285098054674009,-0.8092966370407557,-0.13031309755809906
0.7307307307307307,-0.18695569488252017,-0.8278348055285705,-0.1456905970473078
0.7327327327327328,-0.20109016606296415,-0.8463967996176451,-0.1611733898060156
0.7347347347347347,-0.21525440461917345,-0.8649825361773644,-0.17676387226268941
0.7367367367367368,-0.22944841064072463,-0.8835919330548208,-0.19246448317325482
0.7387387387387387,-0.24367217377566386,-0.9022249090747996,-0.20827770362109022
0.7407407407407407,-0.2579256732305115,-0.9208813840397949,-0.22420605701703178
0.7427427427427428,-0.27220887777026126,-0.9395612787299992,-0.24025210909937178
0.7447447447447447,-0.28652174571837563,-0.9582645149033058,-0.25641846793385514
0.7467467467467468,-0.3008642249567933,-0.9769910152953123,-0.2727077839136862
0.7487487487487487,-0.3152362529259217,-0.9957407036193138,-0.28912274975952135
0.7507507507507507,-0.32963775662464323,-1.0145135045663094,-0.3056661005194756
0.7527527527527528,-0.34406865261031283,-1.0333093438050025,-0.32234061356911936
0.7547547547547547,-0.35852884699875465,-1.0521281479817917,-0.33914910861147596
0.7567567567567568,-0.3730182354642694,-1.0709698447207823,-0.35609444767702825
0.7587587587587588,-0.38753670323962586,-1.0898343626237763,-0.3731795351237114
0.7607607607607607,-0.4020841251160683,-1.108721631270284,-0.39040731763691827
0.7627627627627628,-0.416660365443313,-1.1276315812175117,-0.4077807842294978
0.7647647647647647,-0.43126527812954585,-1.1465641440003675,-0.4253029662417519
0.7667667667667668,-0.44589870664142917,-1.1655192521314646,-0.4429769373414423
0.7687687687687688,-0.46056048400409366,-1.184496839101113,-0.4608058135237808
0.7707707707707707,-0.4752504328011451,-1.2034968393773287,-0.478792753111441
0.7727727727727728,-0.48996836517466114,-1.2225191884058269,-0.49694095675454875
0.7747747747747747,-0.5047140828251898,-1.2415638226100236,-0.5152536674306851
0.7767767767767768,-0.5194873770117547,-1.2606306793910382,-0.5337341704448896
0.7787787787787788,-0.5342880285518484,-1.2797196971276892,-0.5523857934296532
0.7807807807807807,-0.5491158078214379,-1.2988308151764996,-0.5712119063449272
0.7827827827827828,-0.563970474754963,-1.317963973871694,-0.5902159214781164
0.7847847847847848,-0.5788517788453331,-1.3371191145251926,-0.60940129344408
0.7867867867867868,-0.5937594591439337,-1.3562961794266244,-0.6287715191851357
0.7887887887887888,-0.6086932442606183,-1.375495111843316,-0.6483301379710535
0.7907907907907907,-0.6236528523637165,-1.3947158560202968,-0.668080731399062
0.7927927927927928,-0.6386379911800294,-1.4139583571802985,-0.6880269233938461
0.7947947947947948,-0.6536483579948278,-1.4332225615237502,-0.7081723802075417
0.7967967967967968,-0.6686836396518587,-1.452508416228789,-0.7285208104197463
0.7987987987987988,-0.6837435125533378,-1.4718158694512475,-0.7490759649375076
0.8008008008008007,-0.698827642659956,-1.4911448703246621,-0.7698416369953334
0.8028028028028028,-0.713935685490876,-1.5104953689602734,-0.7908216621551853
0.8048048048048048,-0.7290672861237306,-1.5298673164470176,-0.8120199183064791
0.8068068068068068,-0.7442220791946283,-1.5492606648515406,-0.8334403256660905
0.8088088088088088,-0.7593996888981465,-1.5686753672181786,-0.855086846778345
0.8108108108108109,-0.7745997289873381,-1.5881113775689826,-0.8769634865150302
0.8128128128128128,-0.7898218027737254,-1.6075686509036926,-0.8990742920753834
0.8148148148148148,-0.8050655031273053,-1.6270471431997586,-0.9214233529861018
0.8168168168168168,-0.8203304124765471,-1.6465468114123294,-0.9440148011013376
0.8188188188188188,-0.8356161028083893,-1.6660676134742538,-0.9668528106026963
0.8208208208208209,-0.8509221356682473,-1.6856095082960858,-0.9899415979992425
0.8228228228228228,-0.8662480621600046,-1.7051724557660755,-1.0132854221274927
0.8248248248248248,-0.8815934229460198,-1.7247564167501797,-1.0368885841514215
0.8268268268268268,-0.896957748247124,-1.744361353092055,-1.060755427562461
0.8288288288288288,-0.9123405578426174,-1.7639872276130568,-1.084890338179494
0.8308308308308309,-0.9277413610702767,-1.783634004112247,-1.109297744148864
0.8328328328328328,-0.943159656826347,-1.8033016473663845,-1.1339821159443655
0.8348348348348348,-0.9585949335655488,-1.8229901231299313,-1.1589479663672522
0.8368368368368369,-0.9740466693010745,-1.8426993981350537,-1.1841998505462343
0.8388388388388388,-0.9895143316045865,-1.8624294400916142,-1.2097423659374729
0.8408408408408409,-1.004997377606223,-1.8821802176871827,-1.23558015232459
0.8428428428428428,-1.0204952539945904,-1.9019517005870237,-1.261717891818658
0.8448448448448448,-1.0360073970167711,-1.9217438594341087,-1.2881603088582103
0.8468468468468469,-1.051533232478319,-1.9415566658491101,-1.314912170209234
0.8488488488488488,-1.0670721757432586,-1.9613900924303989,-1.3419782849651694
0.8508508508508509,-1.0826236317340894,-1.9812441127540523,-1.3693583822009332
0.8528528528528528,-1.098186994931779,-2.0011187013738425,-1.3970511916655186
0.8548548548548548,-1.1137616493757723,-2.0210138338212493,-1.4250632098812492
0.8568568568568569,-1.1293469686639845,-2.0409294866054504,-1.453401056114251
0.8588588588588588,-1.1449423159528016,-2.0608656372133263,-1.4820714233876302
0.8608608608608609,-1.160547043957084,-2.080822264109461,-1.5110810784814832
0.8628628628628628,-1.1761604949501627,-2.1007993467361343,-1.5404368619328843
0.8648648648648649,-1.191782000763844,-2.1207968655133342,-1.570145688035899
0.8668668668668669,-1.2074108827884018,-2.1408148018387454,-1.60021454484157
0.8688688688688688,-1.2230464519725874,-2.160853138087755,-1.63065049415793
0.8708708708708709,-1.2386880088236214,-2.180911857613456,-1.6614606715499955
0.8728728728728729,-1.2543348434071966,-2.2009909447466347,-1.692652286339762
0.8748748748748749,-1.2699862353474802,-2.2210903847957884,-1.724232621606217
0.8768768768768769,-1.285641453827109,-2.241210164047107,-1.7562090341853243
0.8788788788788788,-1.3012997575871947,-2.2613502697644883,-1.788588954670038
0.8808808808808809,-1.3169603949273208,-2.2815106901895277,-1.8213798874102969
0.8828828828828829,-1.3326226037055406,-2.3016914145415246,-1.8545894105130176
0.8848848848848849,-1.3482856113383839,-2.3218924330174806,-1.8882251758421091
0.8868868868868869,-1.3639486348008483,-2.3421137367920934,-1.922294909018457
0.8888888888888888,-1.3796108806264074,-2.3623553180177694,-1.9568064094199369
0.8908908908908909,-1.395271544907007,-2.382617169824612,-1.991767550181409
0.8928928928928929,-1.4109298132930612,-2.4028992863204266,-2.027186278194711
0.8948948948948949,-1.426584860993462,-2.4232016625907224,-2.063070614108675
0.8968968968968969,-1.4422358527755683,-2.4435242946987064,-2.099428652329107
0.8988988988988988,-1.4578819429652157,-2.4638671796852902,-2.136268561018804
0.9009009009009009,-1.473522275446711,-2.4842303155690866,-2.1735985820975485
0.9029029029029029,-1.4891559836628305,-2.5046137013464067,-2.2114270312421
0.9049049049049049,-1.5047821906148273,-2.5250173369912705,-2.24976229788621
0.9069069069069069,-1.520400008862423,-2.5454412234553896,-2.288612845220608
0.9089089089089089,-1.5360085405238137,-2.5658853626681823,-2.3279872101930126
0.9109109109109109,-1.551606877275668,-2.586349757536773,-2.367894003508127
0.9129129129129129,-1.5671941003531251,-2.6068344119459788,-2.408341909627633
0.914914914914915,-1.5827692805497984,-2.627339330758322,-2.4493396867702035
0.9169169169169169,-1.5983314782177716,-2.6478645198140294,-2.4908961669114893
0.9189189189189189,-1.613879743267602,-2.6684099859310244,-2.5330202557841304
0.9209209209209209,-1.6294131151683207,-2.6889757369049363,-2.5757209328777524
0.9229229229229229,-1.6449304776423834,-2.709561781509092,-2.6190072514389566
0.924924924924925,-1.6604293623085171,-2.7301681294945226,-2.6628883384713404
0.9269269269269269,-1.6759083659778593,-2.750794791589959,-2.707373394735474
0.9289289289289289,-1.691366475680355,-2.771441779501835,-2.75247169474892
0.9309309309309309,-1.7068026875657858,-2.792109105914287,-2.798192586786225
0.9329329329329329,-1.7222160069037697,-2.812796784489147,-2.844545492878913
0.934934934934935,-1.7376054480837655,-2.8335048298659578,-2.891539908815501
0.9369369369369369,-1.7529700346150665,-2.854233257661954,-2.9391854041414818
0.938938938938939,-1.7683087991268076,-2.87498208447208,-2.9874916221593426
0.9409409409409409,-1.783620783367958,-2.8957513278689744,-3.0364682799285427
0.9429429429429429,-1.798905038207327,-2.9165410064029844,-3.0861251682655366
0.944944944944945,-1.8141606236335628,-2.9373511396021534,-3.1364721517437593
0.9469469469469469,-1.829386608755148,-2.9581817479722305,-3.187519168693626
0.948948948948949,-1.8445820718004071,-2.979032852996662,-3.2392762312025454
0.950950950950951,-1.8597461001174986,-2.999904477136597,-3.291753425114897
0.9529529529529529,-1.8748777901744218,-3.020796643830888,-3.344960910032058
0.954954954954955,-1.889976247559014,-3.0417093774960895,-3.3989089193123867
0.9569569569569569,-1.9050405869789477,-3.0626427035264525,-3.4536077600712165
0.958958958958959,-1.9200699322617365,-3.083596648293936,-3.5090678131808786
0.960960960960961,-1.935063416354729,-3.1045712391481937,-3.565299533270676
0.9629629629629629,-1.950020181325114,-3.1255665044165886,-3.622313448726905
0.964964964964965,-1.9649393783599178,-3.1465824734041785,-3.6801201616928467
0.9669669669669669,-1.9798201677660028,-3.1676191763937247,-3.738730348068756
0.968968968968969,-1.9946617189700724,-3.1886766446456942,-3.7981547575118864
0.970970970970971,-2.0094632105186645,-3.2097549103982486,-3.858404213436461
0.9729729729729729,-2.0242238300781574,-3.2308540068672533,-3.9194896130136976
0.974974974974975,-2.038942774434767,-3.251973968246282,-3.9814219271718003
0.9769769769769769,-2.0536192494945453,-3.273114829706598,-4.044212200595944
0.978978978978979,-2.0682524702833853,-3.294276627397175,-4.107871551728305
0.980980980980981,-2.082841660947014,-3.3154593984446867,-4.172411172768028
0.9829829829829829,-2.097386054751,-3.3366631809535017,-4.237842329671252
0.984984984984985,-2.1118848940807484,-3.357888541200623,-4.304176362151102
0.986986986986987,-2.1263374304415006,-3.3791382677921584,-4.371424683677676
0.988988988988989,-2.1407429244583396,-3.4004128724751257,-4.43959878147807
0.990990990990991,-2.1551006458761814,-3.421712488176051,-4.50871021653635
0.992992992992993,-2.1694098735597844,-3.4430372507961624,-4.5787706235935834
0.994994994994995,-2.1836698954937424,-3.464387299211377,-4.649791711147802
0.996996996996997,-2.197880008782488,-3.485762775272312,-4.721785261454039
0.998998998998999,-2.2120395196502924,-3.5071638238042797,-4.794763130524309
1.001001001001001,-2.2261477434412633,-3.5285905926072867,-4.8687372481276
1.003003003003003,-2.2402040046193457,-3.5500432324560336,-4.94371961778989
1.005005005005005,-2.2542076367683244,-3.5715218970999207,-5.019722316794148
1.007007007007007,-2.268157982591821,-3.593026743263042,-5.096757496180319
1.009009009009009,-2.2820543939132967,-3.6145579306441866,-5.174837380745338
1.011011011011011,-2.2958962316760494,-3.636115621916842,-5.25397426904313
1.013013013013013,-2.3096828659432127,-3.6576999827291847,-5.334180533384578
1.015015015015015,-2.3234136758977613,-3.679311181704093,-5.415468619837576
1.017017017017017,-2.3370880498425066,-3.7009493904391393,-5.497851048226995
1.019019019019019,-2.350705385200099,-3.722614783506591,-5.581340412134686
1.021021021021021,-2.364265088513026,-3.7443075384534135,-5.665936935069247
1.023023023023023,-2.3777665754436104,-3.7660278358012613,-5.751636604672869
1.025025025025025,-2.3912092707740165,-3.7877758590464916,-5.838457638348266
1.027027027027027,-2.4045926084062463,-3.809551794660154,-5.926417508615014
1.029029029029029,-2.417916031362138,-3.8313558320879944,-6.015532617680626
1.031031031031031,-2.4311789917833706,-3.853188163750456,-6.1058182974405595
1.033033033033033,-2.444380950931455,-3.8750489850426724,-6.197288809478177
1.035035035035035,-2.4575213791877464,-3.896938494334477,-6.289957345064808
1.037037037037037,-2.470599756053435,-3.918856892970399,-6.383836025159706
1.039039039039039,-2.483615570149549,-3.9408043852696615,-6.47893590041006
1.0410410410410411,-2.4965683192169563,-3.9627811785261864,-6.575266951151007
1.043043043043043,-2.509457510116359,-3.984787483008585,-6.6728380874055855
1.045045045045045,-2.5222826588283005,-4.006823511960169,-6.771657148884802
1.047047047047047,-2.5350432904531606,-4.028889481598946,-6.871730904987587
1.049049049049049,-2.547738939211158,-4.050985611117617,-6.973065054800809
1.0510510510510511,-2.5603691484423496,-4.0731121226835825,-7.075664227099281
1.053053053053053,-2.572933470606627,-4.095269241438929,-7.179531980345719
1.055055055055055,-2.5854314672837226,-4.11745719550045,-7.2846708026908065
1.057057057057057,-2.5978627091732074,-4.139676215959629,-7.391082111973152
1.059059059059059,-2.6102267760944877,-4.161926536882646,-7.4987662557193016
1.0610610610610611,-2.622523256986811,-4.18420839531038,-7.607722511143744
1.063063063063063,-2.634751749909258,-4.206522031258395,-7.717949085148874
1.065065065065065,-2.646911862040752,-4.228867687716962,-7.829443114325051
1.067067067067067,-2.6590032096800513,-4.2512456106510434,-7.942200664950564
1.069069069069069,-2.671025418245753,-4.273656049000297,-8.056216732991631
1.0710710710710711,-2.6829781222762943,-4.296099254679079,-8.171485244102426
1.073073073073073,-2.6948609654299456,-4.318575482576434,-8.287999053625013
1.075075075075075,-2.7066736004848186,-4.341084990556109,-8.405749946589435
1.077077077077077,-2.7184156893388627,-4.363628039456544,-8.524728637713652
1.079079079079079,-2.730086903009864,-4.386204893090876,-8.644924771403565
1.0810810810810811,-2.7416869216354485,-4.408815818246939,-8.766326921753025
1.083083083083083,-2.7532154344730766,-4.431461084687257,-8.88892259254377
1.085085085085085,-2.76467213990005,-4.454140965149053,-9.012698217245521
1.087087087087087,-2.7760567454135066,-4.476855735344246,-9.137639159015919
1.089089089089089,-2.7873689676304236,-4.4996056739594525,-9.26372971070054
1.0910910910910911,-2.798608532287615,-4.5223910626559825,-9.390953094832911
1.093093093093093,-2.8097751742417314,-4.545212186069837,-9.519291463634449
1.095095095095095,-2.820868637469265,-4.568069331811721,-9.64872589901455
1.097097097097097,-2.8318886750665415,-4.590962790467029,-9.779236412570537
1.0990990990990992,-2.8428350492497296,-4.613892855595858,-9.910801945587671
1.1011011011011012,-2.8537075313548304,-4.636859823732989,-10.04340036903912
1.103103103103103,-2.8645059018376857,-4.659863994387909,-10.177008509493387
1.105105105105105,-2.875229950273977,-4.682905670044798,-10.311598920761895
1.107107107107107,-2.8858794753592196,-4.705985156162529,-10.447133720444699
1.1091091091091092,-2.8964542849087715,-4.729102761174677,-10.58357098750277
1.1111111111111112,-2.906954195857824,-4.752258796489501,-10.720865931006822
1.1131131131131131,-2.917379034261408,-4.775453576489967,-10.8589708901374
1.115115115115115,-2.9277286352943936,-4.798687418533731,-10.997835334184822
1.117117117117117,-2.9380028432514873,-4.8219606429531465,-11.137405862549196
1.1191191191191192,-2.9482015115472358,-4.845273573055264,-11.277626204740429
1.1211211211211212,-2.958324502716019,-4.868626535121823,-11.418437220378173
1.1231231231231231,-2.96837168841206,-4.892019858409266,-11.55977689919191
1.125125125125125,-2.9783429494094165,-4.915453875148728,-11.701580361020898
1.127127127127127,-2.9882381756019845,-4.93892892054604,-11.84377985581418
1.1291291291291292,-2.9980572660035008,-4.962445332781731,-11.986304763630603
1.1311311311311312,-3.0078001287475353,-4.986003453011018,-12.129081594638755
1.1331331331331331,-3.017466681087499,-5.009603625363822,-12.272033989117059
1.135135135135135,-3.02705684939664,-5.033246196944757,-12.415082717453707
1.137137137137137,-3.0365718425689474,-5.05693151783313,-12.558145680146682
1.1391391391391392,-3.0460134432490404,-5.08065994108295,-12.701137907803767
1.1411411411411412,-3.0553818350393356,-5.104431822722912,-12.84397156114249
1.1431431431431431,-3.0646771956386654,-5.128247521756414,-12.986555930990212
1.145145145145145,-3.073899705133523,-5.1521074001615474,-13.128797438284062
1.147147147147147,-3.0830495459980636,-5.176011822891099,-13.270599634070958
1.1491491491491492,-3.0921269030941034,-5.199961157872556,-13.411863199507629
1.1511511511511512,-3.1011319636711177,-5.22395577600809,-13.552485945860532
1.1531531531531531,-3.1100649173662465,-5.247996051174578,-13.692362814505966
1.155155155155155,-3.1189259562042886,-5.27208236022359,-13.831385876930005
1.157157157157157,-3.127715274597705,-5.296215082981391,-13.969444334728502
1.1591591591591592,-3.1364330693466194,-5.3203946022489434,-14.106424519607119
1.1611611611611612,-3.145079539638813,-5.344621303801899,-14.242209893381256
1.1631631631631631,-3.1536548870497323,-5.368895576390615,-14.37668104797615
1.165165165165165,-3.1621593155424823,-5.3932178117401355,-14.509715705426808
1.167167167167167,-3.170593031467831,-5.417588404550205,-14.641188717878027
1.1691691691691692,-3.1789562435642074,-5.442007752495266,-14.770972067584399
1.1711711711711712,-3.1872491629577,-5.466476256224448,-14.89893486691027
1.1731731731731732,-3.1954720031620614,-5.490994319361583,-15.02494335832981
1.1751751751751751,-3.2036249800787027,-5.515562348505196,-15.148860914426969
1.177177177177177,-3.211708311996699,-5.54018075322851,-15.270548037895473
1.1791791791791792,-3.219722219592785,-5.564849946079444,-15.389862361538862
1.1811811811811812,-3.227666925931356,-5.589570342580605,-15.506658648270413
1.1831831831831832,-3.2355426564644705,-5.614342361229304,-15.620788791113238
1.1851851851851851,-3.2433496390318473,-5.639166423497546,-15.732101813200217
1.187187187187187,-3.251088103860866,-5.664042953832029,-15.840488287370292
1.1891891891891893,-3.258758283566569,-5.688972379654151,-15.94590408285042
1.1911911911911912,-3.266360413151658,-5.713955131359999,-16.048184064590963
1.1931931931931932,-3.2738947300064973,-5.738991642320359,-16.14716222959205
1.1951951951951951,-3.281361473909112,-5.7640823488807165,-16.242678964074152
1.197197197197197,-3.2887608870251888,-5.789227690361247,-16.33458104347812
1.1991991991991993,-3.296093213908076,-5.814428109056827,-16.422721632465173
1.2012012012012012,-3.303358701498782,-5.83968405023702,-16.506960284916858
1.2032032032032032,-3.310557599125977,-5.864995962146092,-16.587162943935123
1.2052052052052051,-3.317690158505993,-5.890364296003003,-16.663201941842264
1.207207207207207,-3.3247566337428225,-5.915789506001412,-16.734956000180947
1.2092092092092093,-3.3317572813281218,-5.94127204930967,-16.8023102297142
1.2112112112112112,-3.338692360141203,-5.966812386070819,-16.865156130425405
1.2132132132132132,-3.345562131449045,-5.992410979402605,-16.923391591518318
1.2152152152152151,-3.352366858906285,-6.018068295397463,-16.97692089141706
1.2172172172172173,-3.3591068085552243,-6.043784803122534,-17.02565469776611
1.2192192192192193,-3.36578224882582,-6.069560974619641,-17.06951006743031
1.2212212212212212,-3.3723934505356965,-6.095397284905309,-17.108410446494872
1.2232232232232232,-3.378940686890136,-6.121294211970762,-17.142285670265366
1.2252252252252251,-3.3854242334820834,-6.147252236781913,-17.171071963267728
1.2272272272272273,-3.391844368292145,-6.1732718432793785,-17.19471193924826
1.2292292292292293,-3.3982013716885864,-6.1993535183784605,-17.21315460117362
1.2312312312312312,-3.404495526427336,-6.225497751969164,-17.226355341230843
1.2332332332332332,-3.4107271176519838,-6.251705036916189,-17.23427594082731
1.2352352352352352,-3.416896432893781,-6.2779758690589285,-17.23688457059078
1.2372372372372373,-3.42300376207164,-6.304310747211476,-17.234155790369375
1.2392392392392393,-3.429049397492133,-6.33071017316261,-17.22607054923157
1.2412412412412412,-3.4350336338494944,-6.357174651675816,-17.212616185466214
1.2432432432432432,-3.4409567682256217,-6.383704690489271,-17.193786426582513
1.2452452452452452,-3.446819100090071,-6.410300800315847,-17.169581389310043
1.2472472472472473,-3.452620931300062,-6.4369634948431145,-17.140007579598738
1.2492492492492493,-3.4583625661004724,-6.463693290733333,-17.10507296880837
1.2512512512512513,-3.4640443111238453,-6.4904907076234615,-17.064774471208896
1.2532532532532532,-3.4696664753903814,-6.517356268125158,-17.019146451221722
1.2552552552552552,-3.4752293703079453,-6.54429049782477,-16.9682328609973
1.2572572572572573,-3.4807333096720625,-6.571293925283351,-16.912082223103
1.2592592592592593,-3.4861786096659175,-6.598367082036631,-16.850747630523138
1.2612612612612613,-3.491565588860359,-6.625510502595056,-16.784286746658957
1.2632632632632632,-3.4968945682138948,-6.652724724443755,-16.71276180532862
1.2652652652652652,-3.502165871072696,-6.680010288042556,-16.636239610767227
1.2672672672672673,-3.5073798231705933,-6.707367736825992,-16.5547915376268
1.2692692692692693,-3.512536752629079,-6.73479761720327,-16.468493530976314
1.2712712712712713,-3.5176369899573072,-6.762300478558314,-16.37742610630165
1.2732732732732732,-3.522680868052093,-6.78987687324973,-16.28167434950563
1.2752752752752752,-3.5276687221979133,-6.817527356610828,-16.181327916908
1.2772772772772774,-3.532600890066905,-6.845252486949613,-16.076481035245425
1.2792792792792793,-3.5374777117188674,-6.8730528255487755,-15.96723250167154
1.2812812812812813,-3.5422995296012605,-6.900928936665714,-15.853685683756874
1.2832832832832832,-3.547066688549206,-6.928881387532515,-15.735948519488893
1.2852852852852852,-3.551779535785487,-6.956910748355966,-15.614133517272
1.2872872872872874,-3.5564384209205473,-6.985017592317547,-15.488357755927506
1.2892892892892893,-3.561043695952492,-7.013202495573433,-15.358742884693699
1.2912912912912913,-3.565595715267088,-7.041466037254494,-15.225415123225755
1.2932932932932932,-3.570094835637763,-7.0698087994662995,-15.088505261595792
1.2952952952952952,-3.5745414162256064,-7.098231367289111,-14.948148660292858
1.2972972972972974,-3.578935818579369,-7.126734328777893,-14.80448525022292
1.2992992992992993,-3.583278406635462,-7.155318274962289,-14.657659532708914
1.3013013013013013,-3.5875695467179582,-7.183983799846656,-14.507820579490666
1.3033033033033032,-3.591809607538593,-7.212731500410035,-14.355122032724942
1.3053053053053052,-3.5959989601967606,-7.241561976606171,-14.199722104985446
1.3073073073073074,-3.6001379781795193,-7.2704758313635,-14.041783579262784
1.3093093093093093,-3.6042270373615857,-7.299473670585153,-13.881473808964552
1.3113113113113113,-3.60826651600534,-7.328556103148955,-13.718956263863689
1.3133133133133132,-3.6122567947608233,-7.357723740907433,-13.554266993565221
1.3153153153153152,-3.616198256665737,-7.386977198687807,-13.387491758752493
1.3173173173173174,-3.6200912871454447,-7.4163170942919905,-13.218750836518364
1.3193193193193193,-3.6239362740129706,-7.445744048496591,-13.048161664355122
1.3213213213213213,-3.6277336074690005,-7.475258685052918,-12.875838840154367
1.3233233233233233,-3.6314836801018817,-7.504861630686968,-12.701894122207083
1.3253253253253252,-3.635186886887623,-7.534553515099445,-12.526436429203626
1.3273273273273274,-3.6388436251898932,-7.564334970965739,-12.3495718402337
1.3293293293293293,-3.6424542947600234,-7.594206633935936,-12.171403594786437
1.3313313313313313,-3.6460192977370065,-7.62416914263482,-11.992032092750275
1.3333333333333333,-3.649539038647495,-7.654223138661873,-11.811554894413048
1.3353353353353352,-3.653013924405804,-7.68436926659127,-11.63006672046195
1.3373373373373374,-3.65644436431391,-7.714608173971885,-11.447659451983533
1.3393393393393394,-3.65983077006145,-7.744940511327276,-11.264422130463768
1.3413413413413413,-3.663173555725723,-7.77536693215571,-11.080440957787939
1.3433433433433433,-3.6664731377716877,-7.805888092930144,-10.895799296240723
1.3453453453453452,-3.6697299350519668,-7.836504653098233,-10.710577668506158
1.3473473473473474,-3.6729443688068417,-7.867217275082325,-10.524853757667632
1.3493493493493494,-3.67611677109898,-7.898026624279464,-10.338702407207968
1.3513513513513513,-3.679246904906621,-7.9289333690613875,-10.152195621009293
1.3533533533533533,-3.6823349809594887,-7.959938180774535,-9.965402563353122
1.3553553553553555,-3.6853813231871912,-7.99104173374004,-9.778389558920319
1.3573573573573574,-3.6883862552485702,-8.022244705253724,-9.591220092791179
1.3593593593593594,-3.6913501005316993,-8.053547775586111,-9.403954810445304
1.3613613613613613,-3.6942731821538874,-8.08495162798242,-9.216651517761683
1.3633633633633633,-3.6971558229616743,-8.116456948662565,-9.02936518101868
1.3653653653653655,-3.699998345530835,-8.148064426821158,-8.842147926893993
1.3673673673673674,-3.702801072166375,-8.179774754627498,-8.655049042464771
1.3693693693693694,-3.7055643249025354,-8.211588627225591,-8.468114975207452
1.3713713713713713,-3.708288425502789,-8.24350674273413,-8.28138933299787
1.3733733733733733,-3.7109736954598427,-8.275529802246508,-8.094912703899027
1.3753753753753755,-3.7136204559956356,-8.30765850983082,-7.908709534217204
1.3773773773773774,-3.71622902806134,-8.339893572529832,-7.722797039589182
1.3793793793793794,-3.7187997323373625,-8.372235700361038,-7.537195387625094
1.3813813813813813,-3.7213328892333415,-8.404685606316605,-7.351923486399379
1.3833833833833833,-3.723828818888149,-8.437244006363407,-7.166998984450752
1.3853853853853855,-3.7262878411698903,-8.469911619443009,-6.9824382707821915
1.3873873873873874,-3.7287102756759034,-8.502689167471672,-6.79825647486102
1.3893893893893894,-3.7310964417327597,-8.535577375340345,-6.614467466618779
1.3913913913913913,-3.7334466583962636,-8.568576970914691,-6.431083856451311
1.3933933933933933,-3.7357612444514534,-8.601688685035056,-6.2481169952187425
1.3953953953953955,-3.7380405184125993,-8.634913251516485,-6.065576974245459
1.3973973973973974,-3.7402847985232053,-8.668251407148713,-5.88347262532019
1.3993993993993994,-3.7424944027560083,-8.701703891696173,-5.701811520695883
1.4014014014014013,-3.7446696488129785,-8.735271447898,-5.520599973089793
1.4034034034034033,-3.7468108541253193,-8.768954821468022,-5.33984303568345
1.4054054054054055,-3.7489183358534675,-8.802754761094757,-5.159544502122649
1.4074074074074074,-3.750992410887091,-8.836672018441424,-4.979706906517526
1.4094094094094094,-3.7530333958450943,-8.870707348145935,-4.800331523442438
1.4114114114114114,-3.7550416070756123,-8.904861507820897,-4.621418367936046
1.4134134134134133,-3.757017360656014,-8.939135258053618,-4.442966195501287
1.4154154154154155,-3.758960972392902,-8.9735293624061,-4.264972502105367
1.4174174174174174,-3.76087275782211,-9.008044587415032,-4.087433524179827
1.4194194194194194,-3.7627530322087073,-9.042681702591807,-3.910344238620433
1.4214214214214214,-3.764602110546995,-9.077441480422515,-3.733698362787253
1.4234234234234233,-3.7664203075605083,-9.112324696367931,-3.557488354504631
1.4254254254254255,-3.768207937702014,-9.147332128863546,-3.3817054120611836
1.4274274274274275,-3.7699653151535135,-9.182464559319524,-3.206339474209856
1.4294294294294294,-3.77169275382624,-9.217722772120732,-3.031379220167822
1.4314314314314314,-3.773390567360661,-9.253107554626741,-2.85681206961656
1.4334334334334333,-3.7750590691264763,-9.288619697171805,-2.6826241827018222
1.4354354354354355,-3.77669857222262,-9.324259993064892,-2.508800460033628
1.4374374374374375,-3.7783093894772577,-9.360029238589641,-2.335324542686334
1.4394394394394394,-3.779891833447789,-9.395928233004405,-2.1621788121985244
1.4414414414414414,-3.781446216420847,-9.431957778542227,-1.9893443905730779
1.4434434434434433,-3.7829728504122966,-9.468118680410841,-1.8168011402771587
1.4454454454454455,-3.7844720471672377,-9.504411746792693,-1.6445276642421955
1.4474474474474475,-3.785944118160002,-9.540837788844897,-1.472557837078997
1.4494494494494494,-3.7873893745941545,-9.577397620699287,-1.3009246056432204
1.4514514514514514,-3.7888081274024934,-9.614092059462386,-1.1295988211265793
1.4534534534534533,-3.7902006872470504,-9.650921925215405,-0.958552440877495
1.4554554554554555,-3.79156736451909,-9.687888041014263,-0.787758547214562
1.4574574574574575,-3.79290846933911,-9.724991232889561,-0.617191347426622
1.4594594594594594,-3.7942243115568406,-9.762232329846604,-0.446826173772652
1.4614614614614614,-3.7955152007512463,-9.799612163865394,-0.276639483481838
1.4634634634634633,-3.796781446230524,-9.83713156990062,-0.1066088587535583
1.4654654654654655,-3.798023357032103,-9.874791385881684,0.06328699324263787
1.4674674674674675,-3.7992412419226484,-9.912592452712662,0.23306824036695262
1.4694694694694694,-3.800435409398055,-9.950535614272333,0.4027539255094532
1.4714714714714714,-3.801606167683453,-9.98862171741418,0.5723619665899977
1.4734734734734736,-3.802753824733205,-10.026851611966382,0.7419091565582718
1.4754754754754755,-3.803878688230907,-10.065226150731792,0.9114111633937121
1.4774774774774775,-3.8049810655893874,-10.103746189487985,1.0808825301056224
1.4794794794794794,-3.8060612639507085,-10.142412586987216,1.250336674733095
1.4814814814814814,-3.807119590186166,-10.181226204956445,1.4197858903450329
1.4834834834834836,-3.8081563508962875,-10.220187908097323,1.5892413450401648
1.4854854854854855,-3.8091718524108344,-10.259298564086189,1.7587130819469716
1.4874874874874875,-3.8101664007888014,-10.298559043574091,1.9282100192238025
1.4894894894894894,-3.8111403018184165,-10.337970220186763,2.097739950058795
1.4914914914914914,-3.81209386101714,-10.37753297052464,2.267309542669892
1.4934934934934936,-3.813027383631667,-10.417248174162859,2.43692434030487
1.4954954954954955,-3.8139411746379226,-10.457116713651232,2.6065887612412544
1.4974974974974975,-3.8148355387410686,-10.497139474514285,2.776306098786436
1.4994994994994995,-3.8157107803754977,-10.537317345251232,2.946078521277597
1.5015015015015014,-3.816567203704836,-10.577651217335987,3.1159070720817272
1.5035035035035036,-3.8174051126219437,-10.61814198521716,3.2857916695956444
1.5055055055055055,-3.818224810748913,-10.658790546318045,3.455731107245919
1.5075075075075075,-3.81902660143707,-10.69959880495751,3.6257230534889855
1.5095095095095095,-3.8198107877669734,-10.740568658436192,3.795764051811071
1.5115115115115114,-3.8205776725484153,-10.781700989989456,3.9658495207282085
1.5135135135135136,-3.8213275583204216,-10.82299668681739,4.135973753786263
1.5155155155155156,-3.8220607473512493,-10.864456640086933,4.306129919560846
1.5175175175175175,-3.822777541638391,-10.906081744931909,4.476310061657438
1.5195195195195195,-3.8234782429085703,-10.947872900453008,4.64650509871131
1.5215215215215214,-3.8241631526177455,-10.989831009717793,4.816704824387537
1.5235235235235236,-3.8248325719511076,-11.031956979760695,4.98689790738103
1.5255255255255256,-3.82548680182308,-11.074251721583007,5.157071891416445
1.5275275275275275,-3.82612614287732,-11.1167161501529,5.327213195248304
1.5295295295295295,-3.8267508954867178,-11.159351184405418,5.497307112660927
1.5315315315315314,-3.8273613597533966,-11.20215774724247,5.667337812468431
1.5335335335335336,-3.827957835508713,-11.24513676553284,5.837288338514769
1.5355355355355356,-3.8285406223132568,-11.288289170112167,6.007140609673641
1.5375375375375375,-3.82911001945685,-11.331615895782976,6.17687541984862
1.5395395395395395,-3.8296663259585486,-11.375117881314658,6.346472437973063
1.5415415415415414,-3.8302098405666425,-11.418796069443474,6.515910208010134
1.5435435435435436,-3.8307408617586525,-11.462651406872554,6.6851661489528285
1.5455455455455456,-3.8312596877413343,-11.506684844271893,6.85421655482389
1.5475475475475475,-3.8317666164506767,-11.550897336278364,7.0230365946759425
1.5495495495495495,-3.8322619455519003,-11.595289841495706,7.191600312591377
1.5515515515515514,-3.8327459724394606,-11.639863322494527,7.359880627682407
1.5535535535535536,-3.8332189942370443,-11.684618745812315,7.527849334091077
1.5555555555555556,-3.8336813077975727,-11.72955708195341,7.695477100989172
1.5575575575575575,-3.8341332097032,-11.774679305389032,7.862733472578349
1.5595595595595595,-3.834574996265313,-11.819986394557274,8.02958686809006
1.5615615615615615,-3.835006963524532,-11.865479331863096,8.196004581785555
1.5635635635635636,-3.83542940725071,-11.911159103678331,8.361977778617888
1.5655655655655656,-3.835842622942934,-11.957026700341668,8.527510911781844
1.5675675675675675,-3.8362469058295234,-12.003083116158685,8.692536963351564
1.5695695695695695,-3.8366425508680306,-12.049329349401818,8.856986446763061
1.5715715715715715,-3.8370298527452418,-12.095766402310378,9.020789972901248
1.5735735735735736,-3.837409105877176,-12.14239528109055,9.183878250099967
1.5755755755755756,-3.837780604409085,-12.189216995915373,9.3461820841419
1.5775775775775776,-3.83814464102841,-12.23623256092477,9.50763237825869
1.5795795795795795,-3.838501354786339,-12.283442994225533,9.668160133130863
1.5815815815815815,-3.83885095770749,-12.33084931789132,9.827696446887852
1.5835835835835836,-3.839193781016007,-12.378452557962664,9.98617251510801
1.5855855855855856,-3.8395301554404018,-12.426253744446957,10.143519630818533
1.5875875875875876,-3.8398604112135564,-12.47425391131847,10.299669184495581
1.5895895895895895,-3.8401848780727215,-12.522454096518349,10.454552664064197
1.5915915915915915,-3.8405038852595177,-12.570855341954594,10.608101654898324
1.5935935935935936,-3.8408177615199346,-12.619458693502098,10.760247839820828
1.5955955955955956,-3.8411268351043315,-12.668265201002596,10.910922999103427
1.5975975975975976,-3.841431433767436,-12.717275918264711,11.06005901046679
1.5995995995995995,-3.8417318847683464,-12.766491903063935,11.207587849080477
1.6016016016016015,-3.842028514870529,-12.815914217142627,11.353441587562944
1.6036036036036037,-3.8423216503418205,-12.86554392621002,11.497552395981574
1.6056056056056056,-3.842611616954427,-12.915382099942203,11.639852541852596
1.6076076076076076,-3.842898739984922,-12.965429811982153,11.780274390141198
1.6096096096096095,-3.8431833442142516,-13.015688139939705,11.91875040326145
1.6116116116116117,-3.843465753927728,-13.066158165391577,12.055213141076344
1.6136136136136137,-3.8437462929150343,-13.116840973881335,12.189595260897725
1.6156156156156156,-3.844025284470223,-13.167737654919435,12.321829517486389
1.6176176176176176,-3.844303051391716,-13.218849301983195,12.451848763052018
1.6196196196196195,-3.8445799159823033,-13.270177012516806,12.579585947253202
1.6216216216216217,-3.8448562000491457,-13.321721887931329,12.704974117197441
1.6236236236236237,-3.8451322249037725,-13.373485033604688,12.827946417441101
1.6256256256256256,-3.8454083113620827,-13.42546755888168,12.948436089989489
1.6276276276276276,-3.845684779744344,-13.47767057707398,13.066376474296804
1.6296296296296295,-3.8459619498751945,-13.530095205460123,13.181701007266149
1.6316316316316317,-3.8462401410836407,-13.582742565285528,13.294343223249538
1.6336336336336337,-3.846519672203059,-13.635613781762459,13.40423675404785
1.6356356356356356,-3.8468008615711944,-13.688709984070071,13.511315328910914
1.6376376376376376,-3.847084027030162,-13.742032305354384,13.61551277453744
1.6396396396396395,-3.847369485926446,-13.795581882728287,13.716763015075042
1.6416416416416417,-3.8476575551108994,-13.849359857271544,13.815000072120249
1.6436436436436437,-3.847948550938745,-13.903367374030772,13.910158064718463
1.6456456456456456,-3.8482427892695754,-13.957605582019477,14.002171209364018
1.6476476476476476,-3.8485405854673513,-14.012075634218027,14.090973820000144
1.6496496496496496,-3.848842254400404,-14.06677868757366,14.176500308018966
1.6516516516516517,-3.849148110441434,-14.121715903000492,14.258685182261532
1.6536536536536537,-3.849458467467509,-14.17688844537949,14.337463049017757
1.6556556556556556,-3.849773638860069,-14.232297483558508,14.412768612026488
1.6576576576576576,-3.8500939375049223,-14.287944190352263,14.48453667247547
1.6596596596596596,-3.850419675792245,-14.343829742542347,14.552702129001347
1.6616616616616617,-3.8507511656165847,-14.399955320877224,14.617199977689673
1.6636636636636637,-3.851088718376857,-14.45632211007221,14.677966380448245
1.6656656656656657,-3.8514326449763474,-14.512931298809509,14.734963622995945
1.6676676676676676,-3.8517832558227103,-14.56978407973819,14.788181677080464
1.6696696696696696,-3.85214086082797,-14.626881649474193,14.837614043164772
1.6716716716716717,-3.85250576940852,-14.684225208600331,14.883256673868445
1.6736736736736737,-3.8528782904851218,-14.741815961666271,14.925107973967645
1.6756756756756757,-3.8532587324829084,-14.799655117188568,14.963168800395156
1.6776776776776776,-3.8536474033313803,-14.85774388765064,14.997442462240352
1.6796796796796796,-3.854044610464409,-14.916083489502777,15.027934720749213
1.6816816816816818,-3.8544506608202336,-14.974675143162141,15.054653789324327
1.6836836836836837,-3.854865860841463,-15.033520073012753,15.077610333524866
1.6856856856856857,-3.8552905164750775,-15.092619507405512,15.096817471066622
1.6876876876876876,-3.855724933172423,-15.151974678658188,15.11229077182198
1.6896896896896896,-3.8561694158892177,-15.211586823055422,15.124048257819931
1.6916916916916918,-3.8566242690855477,-15.271457180848726,15.132110403246068
1.6936936936936937,-3.8570897967258695,-15.331586996256469,15.136500134442581
1.6956956956956957,-3.8575663022790074,-15.391977517463902,15.137242829908265
1.6976976976976976,-3.8580540887181565,-15.452629996623145,15.134366320298522
1.6996996996996996,-3.8585534585208805,-15.513545689853185,15.127900888425346
1.7017017017017018,-3.8590647136691123,-15.574725857239892,15.11787926925734
1.7037037037037037,-3.8595881556491545,-15.636171762835975,15.104336649919711
1.7057057057057057,-3.860124085451679,-15.697884674661044,15.08731066969426
1.7077077077077076,-3.860672803571727,-15.75986586470156,15.066841420019394
1.7097097097097096,-3.8612346100087085,-15.82211660891087,15.042971444490126
1.7117117117117118,-3.8618098042664033,-15.884638187209184,15.015745738858062
1.7137137137137137,-3.862398685352961,-15.947431883483567,14.985211751031422
1.7157157157157157,-3.8630015517808993,-16.010498985587976,14.951419381075016
1.7177177177177176,-3.863618701567107,-16.07384078534323,14.914420981210265
1.7197197197197196,-3.8642504322328395,-16.13745857853701,14.874271355815186
1.7217217217217218,-3.864897040803725,-16.20135366492389,14.831027761424394
1.7237237237237237,-3.8655588238097573,-16.265527348225277,14.784749906729125
1.7257257257257257,-3.8662360772853033,-16.329980936129484,14.735499952577198
1.7277277277277276,-3.866929096769096,-16.394715740291673,14.683342511973041
1.7297297297297298,-3.8676381773042396,-16.45973307633389,14.628344650077675
1.7317317317317318,-3.8683636134382073,-16.525034263845033,14.570575884208747
1.7337337337337337,-3.8691056992228408,-16.590620626380883,14.510108183840481
1.7357357357357357,-3.8698647282143526,-16.656493491464087,14.447015970603713
1.7377377377377377,-3.8706409934733226,-16.722654190584166,14.381376118285882
1.7397397397397398,-3.8714347875647017,-16.789104059197513,14.313267952831017
1.7417417417417418,-3.8722464025578094,-16.855844436727374,14.242773252339775
1.7437437437437437,-3.8730761300263348,-16.922876666563884,14.169976247069394
1.7457457457457457,-3.873924261048336,-16.99020209606404,14.094963619433717
1.7477477477477477,-3.8747910862062405,-17.05782207655171,14.01782450400319
1.7497497497497498,-3.8756768955868455,-17.12573796331764,13.938650487504857
1.7517517517517518,-3.8765819787813167,-17.19395111561942,13.857535608822383
1.7537537537537538,-3.87750662488519,-17.262462896681537,13.774576358996015
1.7557557557557557,-3.8784511224983707,-17.331274673695344,13.689871681222606
1.7577577577577577,-3.879415759725132,-17.400387817819052,13.603522970855614
1.7597597597597598,-3.8804008241741186,-17.469803704177757,13.515634075405092
1.7617617617617618,-3.881406602958342,-17.539523711863406,13.426311294537715
1.7637637637637638,-3.8824333826951856,-17.60954922393483,13.33566066008233
1.7657657657657657,-3.8834814495064,-17.679881627417732,13.243616549161471
1.7677677677677677,-3.8845510890181063,-17.750522313304675,13.150152949947897
1.7697697697697699,-3.885642586360795,-17.821472676555107,13.055335978155854
1.7717717717717718,-3.886756226169325,-17.89273411609532,12.959230385584526
1.7737737737737738,-3.887892292582926,-17.964308034818494,12.861899560117969
1.7757757757757757,-3.8890510692451947,-18.036195839584682,12.763405525725148
1.7777777777777777,-3.8902328393040992,-18.108398941220806,12.663808942459935
1.7797797797797799,-3.891437885411977,-18.180918754520654,12.563169106461096
1.7817817817817818,-3.892666489725533,-18.25375669824487,12.461543949952327
1.7837837837837838,-3.8939189339058435,-18.32691419512099,12.358990041242201
1.7857857857857857,-3.895195499118353,-18.400392671843413,12.2555625847242
1.7877877877877877,-3.896496466032875,-18.474193559073402,12.151315420876708
1.7897897897897899,-3.897822114823594,-18.54831829143911,12.04630102626301
1.7917917917917918,-3.8991727251690613,-18.622768307535523,11.940570513531316
1.7937937937937938,-3.9005485762522,-18.697545049924525,11.834173631414716
1.7957957957957957,-3.9019499467603005,-18.772649965134868,11.727158764731207
1.7977977977977977,-3.9033771148850245,-18.84808450366217,11.619572934383692
1.7997997997997999,-3.904830358322401,-18.923850119968925,11.511461797359964
1.8018018018018018,-3.9063099542728303,-18.999948272484467,11.402869646732759
1.8038038038038038,-3.9078161794410806,-19.076380423605045,11.293839411659674
1.8058058058058057,-3.9093493100362897,-19.153148039693747,11.184412657383225
1.8078078078078077,-3.910909478265775,-19.230252591080543,11.07462958523083
1.8098098098098099,-3.91249658554793,-19.307695552062277,10.9645290326148
1.8118118118118118,-3.9141109199860415,-19.38547840090265,10.854148473032385
1.8138138138138138,-3.9157527887041708,-19.46360261983223,10.743524016065699
1.8158158158158157,-3.917422494917315,-19.542069695048475,10.632690407381771
1.8178178178178177,-3.9191203379314095,-19.620881116715708,10.521681028732539
1.8198198198198199,-3.920846613143327,-19.70003837896511,10.410527897954825
1.8218218218218218,-3.9226016120408778,-19.77954297989473,10.299261668970399
1.8238238238238238,-3.9243856222028093,-19.859396421569507,10.187911631785886
1.8258258258258258,-3.9261989272988065,-19.93960021002123,10.076505712492835
1.8278278278278277,-3.9280418070894916,-20.020155855248575,9.9650704732677
1.82982982982983,-3.9299145374264253,-20.101064871217076,9.853631112371817
1.8318318318318318,-3.931817390252104,-20.182328775859133,9.742211464151469
1.8338338338338338,-3.9337506335999626,-20.26394909107403,9.630833999037801
1.8358358358358358,-3.935714531594374,-20.345927342727915,9.51951982354688
1.8378378378378377,-3.9377093444506466,-20.4282650606538,9.408288680279664
1.83983983983984,-3.9397353284750283,-20.510963778651583,9.297158947922018
1.8418418418418419,-3.941792736064703,-20.594025034488006,9.186147641244734
1.8438438438438438,-3.943881815707793,-20.677450369896704,9.075270411103476
1.8458458458458458,-3.946002811983358,-20.761241330578176,8.964541544438822
1.8478478478478477,-3.948155965561394,-20.845399466199787,8.853973964276253
1.84984984984985,-3.9503415132028357,-20.929926330395777,8.743579229726144
1.8518518518518519,-3.952559687759554,-21.01482348076724,8.63336181322167
1.8538538538538538,-3.9548107181743593,-21.100092478882168,8.523309979864882
1.8558558558558558,-3.957094829480997,-21.185734890275402,8.413424451919338
1.8578578578578577,-3.9594122428041514,-21.27175228444866,8.303706759391252
1.85985985985986,-3.9617631753594442,-21.35814623487054,8.194158112339004
1.8618618618618619,-3.964147840453434,-21.44491831897647,8.08477940087319
1.8638638638638638,-3.9665664474836166,-21.5320701181688,7.975571195156555
1.8658658658658658,-3.9690192019384263,-21.619603217816717,7.86653374540404
1.867867867867868,-3.971506305397234,-21.707519207256308,7.757666981882752
1.86986986986987,-3.974027955530348,-21.795819679790483,7.648970514912019
1.8718718718718719,-3.976584346099015,-21.884506232689056,7.540443634863314
1.8738738738738738,-3.9791756669554177,-21.97358046718871,7.4320853121603045
1.8758758758758758,-3.981802104042677,-22.063043988492993,7.3238941972788405
1.877877877877878,-3.984463839394852,-22.152898405772323,7.215868620746942
1.87987987987988,-3.9871610511369373,-22.243145332163976,7.108006593144847
1.8818818818818819,-3.989893913484867,-22.33378638477211,7.000305805104938
1.8838838838838838,-3.9926625967455114,-22.424823184667762,6.892763627311798
1.8858858858858858,-3.9954672673166782,-22.516257356888822,6.785377110502182
1.887887887887888,-3.9983080876871133,-22.60809053044007,6.678142985465025
1.88988988988989,-4.001185216436499,-22.700324338293115,6.571057663041476
1.8918918918918919,-4.004098808235457,-22.79296041738648,6.464117234124828
1.8938938938938938,-4.007049013845544,-22.88600040862554,6.357317469660572
1.8958958958958958,-4.010035980119254,-22.97944595688255,6.250653820646379
1.897897897897898,-4.013059850000023,-23.073298710996628,6.144121418132093
1.8998998998999,-4.016120762522219,-23.16756032377374,6.03771507321977
1.901901901901902,-4.019218852811148,-23.262232451986755,5.93142927706362
1.9039039039039038,-4.0223542520830575,-23.357316756375393,5.82525820087004
1.9059059059059058,-4.025527087645129,-23.452814901646263,5.719195695897618
1.907907907907908,-4.028737482895482,-23.54872855647283,5.613235293457101
1.90990990990991,-4.031985557323175,-23.645059393495423,5.507370204911464
1.911911911911912,-4.0352714265082,-23.74180908932125,5.40159332167582
1.9139139139139139,-4.038595202121492,-23.83897932452438,5.295897215217485
1.9159159159159158,-4.04195699192492,-23.936571783645775,5.19027413705595
1.917917917917918,-4.045356899771289,-24.034588155193255,5.084716018762881
1.91991991991992,-4.048795025604346,-24.133030131641483,4.979214471962158
1.921921921921922,-4.052271465458771,-24.23189940943203,4.873760788329809
1.9239239239239239,-4.055786311460184,-24.33119768897332,4.768345939594058
1.9259259259259258,-4.059339651825143,-24.43092667464065,4.6629605775353085
1.927927927927928,-4.0629315708611395,-24.531088074776196,4.557595033986136
1.92992992992993,-4.066562148966607,-24.631683601688973,4.452239320831332
1.931931931931932,-4.070231462630915,-24.7327149716549,4.3468831300078365
1.9339339339339339,-4.073939584434368,-24.834183904916753,4.241515833504783
1.9359359359359358,-4.0776865830482105,-24.936092125684176,4.136126483363488
1.937937937937938,-4.081472523234625,-25.038441362133703,4.030711838489494
1.93993993993994,-4.08529746584673,-25.14123334640869,3.9252838482637977
1.941941941941942,-4.08916146782858,-25.2444698146194,3.819836142591032
1.9439439439439439,-4.093064582215171,-25.348152506842972,3.714361918927952
1.9459459459459458,-4.097006858132433,-25.452283167123397,3.608855110035655
1.947947947947948,-4.100988340797235,-25.556863543471557,3.503310383979566
1.94994994994995,-4.105009071517381,-25.661895387865155,3.3977231441294884
1.951951951951952,-4.1090690876916165,-25.767380456248816,3.2920895291595302
1.9539539539539539,-4.113168422809622,-25.873320508534015,3.1864064130481533
1.9559559559559558,-4.1173071064520155,-25.979717308599092,3.0806714050781605
1.957957957957958,-4.121485164290353,-26.086572624289285,2.9748828498366837
1.95995995995996,-4.125702618087127,-26.19388822741665,2.869039827215233
1.961961961961962,-4.1299594856957675,-26.30166589376016,2.763142152409621
1.9639639639639639,-4.134255781060644,-26.40990740306563,2.6571903759200177
1.9659659659659658,-4.138591514217062,-26.51861453904577,2.55118578355093
1.967967967967968,-4.142966691291263,-26.627789089380148,2.445130396411198
1.96996996996997,-4.147381314500428,-26.73743284571518,2.339026970914036
1.971971971971972,-4.151835382152675,-26.847547603664186,2.2328789987769655
1.973973973973974,-4.156328888647058,-26.95813516280734,2.1266907070218593
1.9759759759759759,-4.160861824473571,-27.069197326691683,2.0204670579749338
1.977977977977978,-4.165434176213144,-27.180735902831152,1.9142137492667324
1.97997997997998,-4.170045926537644,-27.2927527027065,1.807937213832178
1.981981981981982,-4.174697054209875,-27.405249541765397,1.7016446199104962
1.983983983983984,-4.17938753408358,-27.518228239422378,1.5953438710452685
1.985985985985986,-4.184117337103441,-27.631690619058837,1.4890436060844032
1.987987987987988,-4.188886430305072,-27.745638508023024,1.3827531991801876
1.98998998998999,-4.193694776815029,-27.86007373763009,1.276482759789212
1.991991991991992,-4.198542335850804,-27.974998143162033,1.1702431326724243
1.993993993993994,-4.203429062720826,-28.090413563867727,1.0640458978951082
1.995995995995996,-4.208354908824463,-28.20632184296294,0.9579033708268812
1.997997997997998,-4.213319821652019,-28.322724827630257,0.8518286021417354
2.0,-4.218323744784735,-28.439624369019175,0.745835377817968
